时间,日期,候选,盯盘,可空
2026-06-26 00:01:32,2026-06-26,10,9,1
2026-06-26 08:42:18,2026-06-26,25,12,1
2026-06-27 08:08:10,2026-06-27,25,13,0
2026-06-30 08:48:39,2026-06-30,25,13,0
2026-07-01 10:51:26,2026-07-01,25,13,0
2026-07-02 08:31:55,2026-07-02,25,13,2
2026-07-03 08:40:03,2026-07-03,25,12,5
2026-07-04 07:33:30,2026-07-04,25,12,5
2026-07-07 10:16:07,2026-07-07,25,11,0
2026-07-08 06:37:56,2026-07-08,25,12,6
2026-07-09 10:25:39,2026-07-09,25,12,1
2026-07-10 08:54:11,2026-07-10,25,13,0
2026-07-11 00:16:03,2026-07-11,25,12,3
2026-07-14 00:11:45,2026-07-14,25,13,7
2026-07-15 00:08:35,2026-07-15,25,12,2
2026-07-16 00:16:00,2026-07-16,25,13,1
2026-07-16 22:14:39,2026-07-16,25,11,6
2026-07-17 22:05:35,2026-07-17,25,13,1
2026-07-20 22:11:43,2026-07-20,25,11,2
2026-07-21 22:12:13,2026-07-21,25,13,3
2026-07-22 22:16:28,2026-07-22,25,12,4
2026-07-23 22:14:09,2026-07-23,25,13,1
2026-07-24 22:16:55,2026-07-24,25,12,2
2026-07-27 22:17:11,2026-07-27,25,13,1
2026-07-28 22:15:42,2026-07-28,25,13,2
2026-07-29 22:10:47,2026-07-29,25,13,1
2026-07-30 22:18:13,2026-07-30,25,13,1
2026-07-31 22:15:36,2026-07-31,25,13,0
2026-08-03 22:16:51,2026-08-03,25,13,2
2026-08-04 22:21:03,2026-08-04,25,13,0
2026-08-05 22:19:19,2026-08-05,25,13,1
